{"0": 1.260294506149516, "1": 1.3528407298823606, "2": 1.5739643922056954, "3": 1.3871354075022455, "4": 1.3384367933840688, "5": 1.7270603626847112, "6": 1.3227464378576659, "7": 1.0760356896297696, "8": 1.5576517982414835, "9": 1.6704156655698548, "10": 1.6951722299834164, "11": 2.322848245387564, "12": 1.6599010869756545, "13": 1.179721600813228, "14": 0.9845413035033399, "15": 0.5535795186196831, "16": 0.5920605780796329, "17": 0.8892719791990307, "18": 0.949282367316915, "19": 0.8261764961484233, "20": 0.9936132917179767, "21": 0.7552143070358253, "22": 0.4813340718856957, "23": 0.8021940366038135, "24": 0.7968025908844392, "25": 0.7576915025378957, "26": 1.3926318057602043, "27": 1.3097641723416398, "28": 1.2237177510244102, "29": 1.2221310133267003, "30": 0.8884218253038229, "31": 0.6683437001113228, "32": 1.312299932917378, "33": 1.4744229618605151, "34": 0.931953350160216, "35": 0.9498075451807424, "36": 0.6979638899040563, "37": 0.5143185463219659, "38": 0.8458488586791755, "39": 0.07218776273408692, "40": 0.022975236762843024, "41": 0.13175633240491, "42": 0.16745935655020605, "43": 0.01106908115713191, "44": 0.38985800778281654, "45": 0.15088309088631494, "46": 1.00039681069586, "47": 0.7232034528080462, "48": 1.1668471003944725, "49": 0.20993981587147098, "50": 0.5667981705897626, "51": 0.06056249726401716, "52": 0.4011883548108071, "53": 0.5345167405732023, "54": 0.5216313924244033, "55": 0.15587356462585042, "56": 0.7870575874707542, "57": 0.9972847910207346, "58": 0.7889934560927013, "59": 1.3193783598700113, "60": 1.691865142131899, "61": 1.3251696024187098, "62": 1.2008919320158662, "63": 0.9120349682666057, "64": 1.061715697836719, "65": 0.683187454520234, "66": 1.05158939951947, "67": 1.4032503267723513, "68": 0.9931261944090732, "69": 0.9746531667815482, "70": 1.0989621299342949, "71": 1.0016383287948813, "72": 0.2558085563157024, "73": 0.5845452257695587, "74": 0.7993860947368391, "75": 0.711160881537375, "76": 0.9718782004504577, "77": 0.8125312492475636, "78": 0.5736817201213716, "79": 1.118811082072326, "80": 0.6442780579792099, "81": 0.55690107223245, "82": 1.1294019220124691, "83": 1.1158885206079763, "84": 0.15709349321964095, "85": 0.8642549708464164, "86": 1.2129658566536146, "87": 1.2627585123937732, "88": 0.9875676755664724, "89": 1.173377262848065, "90": 0.7453507174740491, "91": 0.8086260539189584, "92": 1.074361179945527, "93": 0.5957958722667952, "94": 0.8481599883005211, "95": 0.659230586027093, "96": 0.4734444710725114, "97": 0.701704345761651, "98": 1.0786300852917334, "99": 0.6099552246611986}